,Env,Learning Freq.,Target Update Freq.,Step Size,Buffer Size,Num Episodes,Algorithm
0,CartPole-v1,1,1,0.0005,10000,362.51000000000005,"FFN, 10"
1,CartPole-v1,1,1,0.0005,100000,367.69,"FFN, 10"
2,CartPole-v1,1,1,0.005,10000,269.42999999999995,"FFN, 10"
3,CartPole-v1,1,1,0.005,100000,261.21,"FFN, 10"
4,CartPole-v1,1,1,5e-05,10000,483.95,"FFN, 10"
5,CartPole-v1,1,1,5e-05,100000,471.93,"FFN, 10"
6,CartPole-v1,1,10,0.0005,10000,367.96,"FFN, 10"
7,CartPole-v1,1,10,0.0005,100000,431.55,"FFN, 10"
8,CartPole-v1,1,10,0.005,10000,351.51,"FFN, 10"
9,CartPole-v1,1,10,0.005,100000,339.31000000000006,"FFN, 10"
10,CartPole-v1,1,10,5e-05,10000,480.8,"FFN, 10"
11,CartPole-v1,1,10,5e-05,100000,431.1700000000001,"FFN, 10"
12,CartPole-v1,1,100,0.0005,10000,388.15999999999997,"FFN, 10"
13,CartPole-v1,1,100,0.0005,100000,437.35,"FFN, 10"
14,CartPole-v1,1,100,0.005,10000,294.1,"FFN, 10"
15,CartPole-v1,1,100,0.005,100000,354.52,"FFN, 10"
16,CartPole-v1,1,100,5e-05,10000,476.56000000000006,"FFN, 10"
17,CartPole-v1,1,100,5e-05,100000,440.66,"FFN, 10"
18,CartPole-v1,1,1000,0.0005,10000,378.0,"FFN, 10"
19,CartPole-v1,1,1000,0.0005,100000,414.6,"FFN, 10"
20,CartPole-v1,1,1000,0.005,10000,199.32999999999998,"FFN, 10"
21,CartPole-v1,1,1000,0.005,100000,284.2900000000001,"FFN, 10"
22,CartPole-v1,1,1000,5e-05,10000,441.93,"FFN, 10"
23,CartPole-v1,1,1000,5e-05,100000,283.38,"FFN, 10"
24,CartPole-v1,10,10,0.0005,10000,447.8,"FFN, 10"
25,CartPole-v1,10,10,0.0005,100000,403.18999999999994,"FFN, 10"
26,CartPole-v1,10,10,0.005,10000,229.91,"FFN, 10"
27,CartPole-v1,10,10,0.005,100000,263.19,"FFN, 10"
28,CartPole-v1,10,10,5e-05,10000,91.39999999999999,"FFN, 10"
29,CartPole-v1,10,10,5e-05,100000,120.61000000000001,"FFN, 10"
30,CartPole-v1,10,100,0.0005,10000,452.4200000000001,"FFN, 10"
31,CartPole-v1,10,100,0.0005,100000,430.9000000000001,"FFN, 10"
32,CartPole-v1,10,100,0.005,10000,404.3,"FFN, 10"
33,CartPole-v1,10,100,0.005,100000,423.7500000000001,"FFN, 10"
34,CartPole-v1,10,100,5e-05,10000,89.03,"FFN, 10"
35,CartPole-v1,10,100,5e-05,100000,129.57999999999998,"FFN, 10"
36,CartPole-v1,10,1000,0.0005,10000,393.61,"FFN, 10"
37,CartPole-v1,10,1000,0.0005,100000,253.22999999999996,"FFN, 10"
38,CartPole-v1,10,1000,0.005,10000,380.35,"FFN, 10"
39,CartPole-v1,10,1000,0.005,100000,300.39,"FFN, 10"
40,CartPole-v1,10,1000,5e-05,10000,70.3,"FFN, 10"
41,CartPole-v1,10,1000,5e-05,100000,187.57999999999998,"FFN, 10"
42,CartPole-v1,100,100,0.0005,10000,104.33000000000001,"FFN, 10"
43,CartPole-v1,100,100,0.0005,100000,144.02,"FFN, 10"
44,CartPole-v1,100,100,0.005,10000,206.85999999999999,"FFN, 10"
45,CartPole-v1,100,100,0.005,100000,351.46,"FFN, 10"
46,CartPole-v1,100,100,5e-05,10000,9.41,"FFN, 10"
47,CartPole-v1,100,100,5e-05,100000,9.389999999999999,"FFN, 10"
48,CartPole-v1,100,1000,0.0005,10000,68.41999999999999,"FFN, 10"
49,CartPole-v1,100,1000,0.0005,100000,146.35999999999999,"FFN, 10"
50,CartPole-v1,100,1000,0.005,10000,276.63000000000005,"FFN, 10"
51,CartPole-v1,100,1000,0.005,100000,223.1,"FFN, 10"
52,CartPole-v1,100,1000,5e-05,10000,9.379999999999999,"FFN, 10"
53,CartPole-v1,100,1000,5e-05,100000,9.389999999999999,"FFN, 10"
54,MountainCar-v0,1,1,0.0005,10000,200.0,"FFN, 10"
55,MountainCar-v0,1,1,0.0005,100000,200.0,"FFN, 10"
56,MountainCar-v0,1,1,0.005,10000,200.0,"FFN, 10"
57,MountainCar-v0,1,1,0.005,100000,200.0,"FFN, 10"
58,MountainCar-v0,1,1,5e-05,10000,200.0,"FFN, 10"
59,MountainCar-v0,1,1,5e-05,100000,200.0,"FFN, 10"
60,MountainCar-v0,1,10,0.0005,10000,200.0,"FFN, 10"
61,MountainCar-v0,1,10,0.0005,100000,200.0,"FFN, 10"
62,MountainCar-v0,1,10,0.005,10000,200.0,"FFN, 10"
63,MountainCar-v0,1,10,0.005,100000,200.0,"FFN, 10"
64,MountainCar-v0,1,10,5e-05,10000,200.0,"FFN, 10"
65,MountainCar-v0,1,10,5e-05,100000,200.0,"FFN, 10"
66,MountainCar-v0,1,100,0.0005,10000,196.0,"FFN, 10"
67,MountainCar-v0,1,100,0.0005,100000,185.87,"FFN, 10"
68,MountainCar-v0,1,100,0.005,10000,200.0,"FFN, 10"
69,MountainCar-v0,1,100,0.005,100000,200.0,"FFN, 10"
70,MountainCar-v0,1,100,5e-05,10000,200.0,"FFN, 10"
71,MountainCar-v0,1,100,5e-05,100000,200.0,"FFN, 10"
72,MountainCar-v0,1,1000,0.0005,10000,185.39000000000001,"FFN, 10"
73,MountainCar-v0,1,1000,0.0005,100000,183.67000000000002,"FFN, 10"
74,MountainCar-v0,1,1000,0.005,10000,200.0,"FFN, 10"
75,MountainCar-v0,1,1000,0.005,100000,200.0,"FFN, 10"
76,MountainCar-v0,1,1000,5e-05,10000,199.65,"FFN, 10"
77,MountainCar-v0,1,1000,5e-05,100000,200.0,"FFN, 10"
78,MountainCar-v0,10,10,0.0005,10000,197.1,"FFN, 10"
79,MountainCar-v0,10,10,0.0005,100000,200.0,"FFN, 10"
80,MountainCar-v0,10,10,0.005,10000,200.0,"FFN, 10"
81,MountainCar-v0,10,10,0.005,100000,200.0,"FFN, 10"
82,MountainCar-v0,10,10,5e-05,10000,200.0,"FFN, 10"
83,MountainCar-v0,10,10,5e-05,100000,200.0,"FFN, 10"
84,MountainCar-v0,10,100,0.0005,10000,198.73999999999998,"FFN, 10"
85,MountainCar-v0,10,100,0.0005,100000,200.0,"FFN, 10"
86,MountainCar-v0,10,100,0.005,10000,191.25,"FFN, 10"
87,MountainCar-v0,10,100,0.005,100000,180.7,"FFN, 10"
88,MountainCar-v0,10,100,5e-05,10000,200.0,"FFN, 10"
89,MountainCar-v0,10,100,5e-05,100000,200.0,"FFN, 10"
90,MountainCar-v0,10,1000,0.0005,10000,199.09,"FFN, 10"
91,MountainCar-v0,10,1000,0.0005,100000,200.0,"FFN, 10"
92,MountainCar-v0,10,1000,0.005,10000,185.7,"FFN, 10"
93,MountainCar-v0,10,1000,0.005,100000,190.12,"FFN, 10"
94,MountainCar-v0,10,1000,5e-05,10000,200.0,"FFN, 10"
95,MountainCar-v0,10,1000,5e-05,100000,200.0,"FFN, 10"
96,MountainCar-v0,100,100,0.0005,10000,199.94,"FFN, 10"
97,MountainCar-v0,100,100,0.0005,100000,200.0,"FFN, 10"
98,MountainCar-v0,100,100,0.005,10000,200.0,"FFN, 10"
99,MountainCar-v0,100,100,0.005,100000,200.0,"FFN, 10"
100,MountainCar-v0,100,100,5e-05,10000,200.0,"FFN, 10"
101,MountainCar-v0,100,100,5e-05,100000,200.0,"FFN, 10"
102,MountainCar-v0,100,1000,0.0005,10000,200.0,"FFN, 10"
103,MountainCar-v0,100,1000,0.0005,100000,200.0,"FFN, 10"
104,MountainCar-v0,100,1000,0.005,10000,200.0,"FFN, 10"
105,MountainCar-v0,100,1000,0.005,100000,200.0,"FFN, 10"
106,MountainCar-v0,100,1000,5e-05,10000,200.0,"FFN, 10"
107,MountainCar-v0,100,1000,5e-05,100000,200.0,"FFN, 10"
108,MountainCar1000-v0,1,1,0.0005,10000,998.72,"FFN, 10"
109,MountainCar1000-v0,1,1,0.0005,100000,1000.0,"FFN, 10"
110,MountainCar1000-v0,1,1,0.005,10000,1000.0,"FFN, 10"
111,MountainCar1000-v0,1,1,0.005,100000,1000.0,"FFN, 10"
112,MountainCar1000-v0,1,1,5e-05,10000,972.74,"FFN, 10"
113,MountainCar1000-v0,1,1,5e-05,100000,997.97,"FFN, 10"
114,MountainCar1000-v0,1,10,0.0005,10000,981.39,"FFN, 10"
115,MountainCar1000-v0,1,10,0.0005,100000,994.15,"FFN, 10"
116,MountainCar1000-v0,1,10,0.005,10000,999.9200000000001,"FFN, 10"
117,MountainCar1000-v0,1,10,0.005,100000,995.9599999999998,"FFN, 10"
118,MountainCar1000-v0,1,10,5e-05,10000,988.46,"FFN, 10"
119,MountainCar1000-v0,1,10,5e-05,100000,950.61,"FFN, 10"
120,MountainCar1000-v0,1,100,0.0005,10000,776.0799999999999,"FFN, 10"
121,MountainCar1000-v0,1,100,0.0005,100000,901.4399999999999,"FFN, 10"
122,MountainCar1000-v0,1,100,0.005,10000,999.9399999999999,"FFN, 10"
123,MountainCar1000-v0,1,100,0.005,100000,998.4399999999999,"FFN, 10"
124,MountainCar1000-v0,1,100,5e-05,10000,966.3700000000001,"FFN, 10"
125,MountainCar1000-v0,1,100,5e-05,100000,909.7099999999998,"FFN, 10"
126,MountainCar1000-v0,1,1000,0.0005,10000,741.02,"FFN, 10"
127,MountainCar1000-v0,1,1000,0.0005,100000,838.0799999999999,"FFN, 10"
128,MountainCar1000-v0,1,1000,0.005,10000,1000.0,"FFN, 10"
129,MountainCar1000-v0,1,1000,0.005,100000,1000.0,"FFN, 10"
130,MountainCar1000-v0,1,1000,5e-05,10000,901.26,"FFN, 10"
131,MountainCar1000-v0,1,1000,5e-05,100000,871.0099999999999,"FFN, 10"
132,MountainCar1000-v0,10,10,0.0005,10000,980.95,"FFN, 10"
133,MountainCar1000-v0,10,10,0.0005,100000,1000.0,"FFN, 10"
134,MountainCar1000-v0,10,10,0.005,10000,907.61,"FFN, 10"
135,MountainCar1000-v0,10,10,0.005,100000,914.5899999999999,"FFN, 10"
136,MountainCar1000-v0,10,10,5e-05,10000,994.1,"FFN, 10"
137,MountainCar1000-v0,10,10,5e-05,100000,992.35,"FFN, 10"
138,MountainCar1000-v0,10,100,0.0005,10000,991.1899999999999,"FFN, 10"
139,MountainCar1000-v0,10,100,0.0005,100000,965.4099999999999,"FFN, 10"
140,MountainCar1000-v0,10,100,0.005,10000,561.56,"FFN, 10"
141,MountainCar1000-v0,10,100,0.005,100000,647.35,"FFN, 10"
142,MountainCar1000-v0,10,100,5e-05,10000,994.8900000000001,"FFN, 10"
143,MountainCar1000-v0,10,100,5e-05,100000,988.8199999999999,"FFN, 10"
144,MountainCar1000-v0,10,1000,0.0005,10000,921.9199999999998,"FFN, 10"
145,MountainCar1000-v0,10,1000,0.0005,100000,930.61,"FFN, 10"
146,MountainCar1000-v0,10,1000,0.005,10000,371.64000000000004,"FFN, 10"
147,MountainCar1000-v0,10,1000,0.005,100000,370.23999999999995,"FFN, 10"
148,MountainCar1000-v0,10,1000,5e-05,10000,992.1899999999999,"FFN, 10"
149,MountainCar1000-v0,10,1000,5e-05,100000,993.71,"FFN, 10"
150,MountainCar1000-v0,100,100,0.0005,10000,995.99,"FFN, 10"
151,MountainCar1000-v0,100,100,0.0005,100000,998.46,"FFN, 10"
152,MountainCar1000-v0,100,100,0.005,10000,993.74,"FFN, 10"
153,MountainCar1000-v0,100,100,0.005,100000,995.6,"FFN, 10"
154,MountainCar1000-v0,100,100,5e-05,10000,1000.0,"FFN, 10"
155,MountainCar1000-v0,100,100,5e-05,100000,1000.0,"FFN, 10"
156,MountainCar1000-v0,100,1000,0.0005,10000,992.04,"FFN, 10"
157,MountainCar1000-v0,100,1000,0.0005,100000,999.01,"FFN, 10"
158,MountainCar1000-v0,100,1000,0.005,10000,989.6100000000002,"FFN, 10"
159,MountainCar1000-v0,100,1000,0.005,100000,997.4,"FFN, 10"
160,MountainCar1000-v0,100,1000,5e-05,10000,997.8799999999999,"FFN, 10"
161,MountainCar1000-v0,100,1000,5e-05,100000,995.8299999999999,"FFN, 10"
162,envs:random_maze-v0,1,1,0.0005,10000,24.439999999999998,"FFN, 10"
163,envs:random_maze-v0,1,1,0.0005,100000,15.01,"FFN, 10"
164,envs:random_maze-v0,1,1,0.005,10000,617.04,"FFN, 10"
165,envs:random_maze-v0,1,1,0.005,100000,292.46000000000004,"FFN, 10"
166,envs:random_maze-v0,1,1,5e-05,10000,14.99,"FFN, 10"
167,envs:random_maze-v0,1,1,5e-05,100000,15.01,"FFN, 10"
168,envs:random_maze-v0,1,10,0.0005,10000,14.979999999999999,"FFN, 10"
169,envs:random_maze-v0,1,10,0.0005,100000,15.0,"FFN, 10"
170,envs:random_maze-v0,1,10,0.005,10000,254.78999999999996,"FFN, 10"
171,envs:random_maze-v0,1,10,0.005,100000,300.69999999999993,"FFN, 10"
172,envs:random_maze-v0,1,10,5e-05,10000,14.979999999999999,"FFN, 10"
173,envs:random_maze-v0,1,10,5e-05,100000,15.0,"FFN, 10"
174,envs:random_maze-v0,1,100,0.0005,10000,14.979999999999999,"FFN, 10"
175,envs:random_maze-v0,1,100,0.0005,100000,15.059999999999999,"FFN, 10"
176,envs:random_maze-v0,1,100,0.005,10000,160.85999999999999,"FFN, 10"
177,envs:random_maze-v0,1,100,0.005,100000,203.65,"FFN, 10"
178,envs:random_maze-v0,1,100,5e-05,10000,14.989999999999998,"FFN, 10"
179,envs:random_maze-v0,1,100,5e-05,100000,15.01,"FFN, 10"
180,envs:random_maze-v0,1,1000,0.0005,10000,15.009999999999996,"FFN, 10"
181,envs:random_maze-v0,1,1000,0.0005,100000,14.99,"FFN, 10"
182,envs:random_maze-v0,1,1000,0.005,10000,518.6600000000001,"FFN, 10"
183,envs:random_maze-v0,1,1000,0.005,100000,255.75,"FFN, 10"
184,envs:random_maze-v0,1,1000,5e-05,10000,14.969999999999999,"FFN, 10"
185,envs:random_maze-v0,1,1000,5e-05,100000,14.99,"FFN, 10"
186,envs:random_maze-v0,10,10,0.0005,10000,15.059999999999999,"FFN, 10"
187,envs:random_maze-v0,10,10,0.0005,100000,14.969999999999999,"FFN, 10"
188,envs:random_maze-v0,10,10,0.005,10000,313.95,"FFN, 10"
189,envs:random_maze-v0,10,10,0.005,100000,245.11999999999998,"FFN, 10"
190,envs:random_maze-v0,10,10,5e-05,10000,14.9,"FFN, 10"
191,envs:random_maze-v0,10,10,5e-05,100000,15.009999999999996,"FFN, 10"
192,envs:random_maze-v0,10,100,0.0005,10000,14.91,"FFN, 10"
193,envs:random_maze-v0,10,100,0.0005,100000,16.560000000000002,"FFN, 10"
194,envs:random_maze-v0,10,100,0.005,10000,135.52000000000004,"FFN, 10"
195,envs:random_maze-v0,10,100,0.005,100000,51.92999999999999,"FFN, 10"
196,envs:random_maze-v0,10,100,5e-05,10000,14.95,"FFN, 10"
197,envs:random_maze-v0,10,100,5e-05,100000,14.940000000000001,"FFN, 10"
198,envs:random_maze-v0,10,1000,0.0005,10000,14.98,"FFN, 10"
199,envs:random_maze-v0,10,1000,0.0005,100000,14.91,"FFN, 10"
200,envs:random_maze-v0,10,1000,0.005,10000,14.989999999999998,"FFN, 10"
201,envs:random_maze-v0,10,1000,0.005,100000,15.030000000000001,"FFN, 10"
202,envs:random_maze-v0,10,1000,5e-05,10000,14.989999999999998,"FFN, 10"
203,envs:random_maze-v0,10,1000,5e-05,100000,14.91,"FFN, 10"
204,envs:random_maze-v0,100,100,0.0005,10000,153.45,"FFN, 10"
205,envs:random_maze-v0,100,100,0.0005,100000,88.07000000000001,"FFN, 10"
206,envs:random_maze-v0,100,100,0.005,10000,685.9300000000001,"FFN, 10"
207,envs:random_maze-v0,100,100,0.005,100000,45.14,"FFN, 10"
208,envs:random_maze-v0,100,100,5e-05,10000,688.07,"FFN, 10"
209,envs:random_maze-v0,100,100,5e-05,100000,784.3399999999999,"FFN, 10"
210,envs:random_maze-v0,100,1000,0.0005,10000,14.969999999999999,"FFN, 10"
211,envs:random_maze-v0,100,1000,0.0005,100000,55.29,"FFN, 10"
212,envs:random_maze-v0,100,1000,0.005,10000,136.69,"FFN, 10"
213,envs:random_maze-v0,100,1000,0.005,100000,229.34,"FFN, 10"
214,envs:random_maze-v0,100,1000,5e-05,10000,735.1099999999999,"FFN, 10"
215,envs:random_maze-v0,100,1000,5e-05,100000,866.4400000000002,"FFN, 10"
216,CartPole-v1,1,1,0.0005,10000,160.10000000000002,"RNN, 1"
217,CartPole-v1,1,1,0.0005,100000,255.84,"RNN, 1"
218,CartPole-v1,1,1,0.005,10000,146.14000000000001,"RNN, 1"
219,CartPole-v1,1,1,0.005,100000,366.6,"RNN, 1"
220,CartPole-v1,1,1,5e-05,10000,188.93000000000004,"RNN, 1"
221,CartPole-v1,1,1,5e-05,100000,352.88,"RNN, 1"
222,CartPole-v1,1,1,0.0005,10000,9.34,"RNN, 2"
223,CartPole-v1,1,1,0.0005,100000,9.959999999999999,"RNN, 2"
224,CartPole-v1,1,1,0.005,10000,9.45,"RNN, 2"
225,CartPole-v1,1,1,0.005,100000,9.430000000000001,"RNN, 2"
226,CartPole-v1,1,1,5e-05,10000,11.069999999999999,"RNN, 2"
227,CartPole-v1,1,1,5e-05,100000,10.58,"RNN, 2"
228,CartPole-v1,1,1,0.0005,10000,15.99,"RNN, 4"
229,CartPole-v1,1,1,0.0005,100000,14.41,"RNN, 4"
230,CartPole-v1,1,1,0.005,10000,14.49,"RNN, 4"
231,CartPole-v1,1,1,0.005,100000,16.71,"RNN, 4"
232,CartPole-v1,1,1,5e-05,10000,17.21,"RNN, 4"
233,CartPole-v1,1,1,5e-05,100000,15.960000000000003,"RNN, 4"
234,CartPole-v1,1,1,0.0005,10000,19.810000000000002,"RNN, 8"
235,CartPole-v1,1,1,0.0005,100000,16.2,"RNN, 8"
236,CartPole-v1,1,1,0.005,10000,20.07,"RNN, 8"
237,CartPole-v1,1,1,0.005,100000,16.32,"RNN, 8"
238,CartPole-v1,1,1,5e-05,10000,10.629999999999999,"RNN, 8"
239,CartPole-v1,1,1,5e-05,100000,11.290000000000001,"RNN, 8"
240,CartPole-v1,1,10,0.0005,10000,162.33,"RNN, 1"
241,CartPole-v1,1,10,0.0005,100000,242.41000000000003,"RNN, 1"
242,CartPole-v1,1,10,0.005,10000,175.01999999999998,"RNN, 1"
243,CartPole-v1,1,10,0.005,100000,268.96999999999997,"RNN, 1"
244,CartPole-v1,1,10,5e-05,10000,127.46000000000001,"RNN, 1"
245,CartPole-v1,1,10,5e-05,100000,234.81000000000003,"RNN, 1"
246,CartPole-v1,1,10,0.0005,10000,9.809999999999999,"RNN, 2"
247,CartPole-v1,1,10,0.0005,100000,9.35,"RNN, 2"
248,CartPole-v1,1,10,0.005,10000,9.530000000000001,"RNN, 2"
249,CartPole-v1,1,10,0.005,100000,9.53,"RNN, 2"
250,CartPole-v1,1,10,5e-05,10000,10.5,"RNN, 2"
251,CartPole-v1,1,10,5e-05,100000,10.209999999999997,"RNN, 2"
252,CartPole-v1,1,10,0.0005,10000,15.799999999999997,"RNN, 4"
253,CartPole-v1,1,10,0.0005,100000,17.72,"RNN, 4"
254,CartPole-v1,1,10,0.005,10000,16.36,"RNN, 4"
255,CartPole-v1,1,10,0.005,100000,18.630000000000003,"RNN, 4"
256,CartPole-v1,1,10,5e-05,10000,19.25,"RNN, 4"
257,CartPole-v1,1,10,5e-05,100000,13.34,"RNN, 4"
258,CartPole-v1,1,10,0.0005,10000,21.34,"RNN, 8"
259,CartPole-v1,1,10,0.0005,100000,17.26,"RNN, 8"
260,CartPole-v1,1,10,0.005,10000,15.129999999999999,"RNN, 8"
261,CartPole-v1,1,10,0.005,100000,17.91,"RNN, 8"
262,CartPole-v1,1,10,5e-05,10000,13.620000000000001,"RNN, 8"
263,CartPole-v1,1,10,5e-05,100000,14.6,"RNN, 8"
264,CartPole-v1,1,100,0.0005,10000,142.84,"RNN, 1"
265,CartPole-v1,1,100,0.0005,100000,292.68,"RNN, 1"
266,CartPole-v1,1,100,0.005,10000,282.46,"RNN, 1"
267,CartPole-v1,1,100,0.005,100000,201.17000000000002,"RNN, 1"
268,CartPole-v1,1,100,5e-05,10000,150.76,"RNN, 1"
269,CartPole-v1,1,100,5e-05,100000,218.73999999999995,"RNN, 1"
270,CartPole-v1,1,100,0.0005,10000,10.090000000000002,"RNN, 2"
271,CartPole-v1,1,100,0.0005,100000,10.66,"RNN, 2"
272,CartPole-v1,1,100,0.005,10000,9.390000000000002,"RNN, 2"
273,CartPole-v1,1,100,0.005,100000,9.54,"RNN, 2"
274,CartPole-v1,1,100,5e-05,10000,10.08,"RNN, 2"
275,CartPole-v1,1,100,5e-05,100000,10.129999999999999,"RNN, 2"
276,CartPole-v1,1,100,0.0005,10000,16.21,"RNN, 4"
277,CartPole-v1,1,100,0.0005,100000,13.669999999999998,"RNN, 4"
278,CartPole-v1,1,100,0.005,10000,13.690000000000001,"RNN, 4"
279,CartPole-v1,1,100,0.005,100000,17.979999999999997,"RNN, 4"
280,CartPole-v1,1,100,5e-05,10000,17.06,"RNN, 4"
281,CartPole-v1,1,100,5e-05,100000,18.4,"RNN, 4"
282,CartPole-v1,1,100,0.0005,10000,18.479999999999997,"RNN, 8"
283,CartPole-v1,1,100,0.0005,100000,21.590000000000003,"RNN, 8"
284,CartPole-v1,1,100,0.005,10000,18.009999999999998,"RNN, 8"
285,CartPole-v1,1,100,0.005,100000,23.12,"RNN, 8"
286,CartPole-v1,1,100,5e-05,10000,16.369999999999997,"RNN, 8"
287,CartPole-v1,1,100,5e-05,100000,11.069999999999999,"RNN, 8"
288,CartPole-v1,1,1000,0.0005,10000,106.67,"RNN, 1"
289,CartPole-v1,1,1000,0.0005,100000,44.309999999999995,"RNN, 1"
290,CartPole-v1,1,1000,0.005,10000,98.01,"RNN, 1"
291,CartPole-v1,1,1000,0.005,100000,95.0,"RNN, 1"
292,CartPole-v1,1,1000,5e-05,10000,77.03999999999999,"RNN, 1"
293,CartPole-v1,1,1000,5e-05,100000,125.58,"RNN, 1"
294,CartPole-v1,1,1000,0.0005,10000,10.93,"RNN, 2"
295,CartPole-v1,1,1000,0.0005,100000,12.59,"RNN, 2"
296,CartPole-v1,1,1000,0.005,10000,12.84,"RNN, 2"
297,CartPole-v1,1,1000,0.005,100000,14.569999999999999,"RNN, 2"
298,CartPole-v1,1,1000,5e-05,10000,9.74,"RNN, 2"
299,CartPole-v1,1,1000,5e-05,100000,10.319999999999999,"RNN, 2"
300,CartPole-v1,1,1000,0.0005,10000,13.179999999999998,"RNN, 4"
301,CartPole-v1,1,1000,0.0005,100000,13.59,"RNN, 4"
302,CartPole-v1,1,1000,0.005,10000,9.709999999999999,"RNN, 4"
303,CartPole-v1,1,1000,0.005,100000,10.8,"RNN, 4"
304,CartPole-v1,1,1000,5e-05,10000,13.55,"RNN, 4"
305,CartPole-v1,1,1000,5e-05,100000,12.53,"RNN, 4"
306,CartPole-v1,1,1000,0.0005,10000,9.360000000000001,"RNN, 8"
307,CartPole-v1,1,1000,0.0005,100000,13.15,"RNN, 8"
308,CartPole-v1,1,1000,0.005,10000,13.739999999999998,"RNN, 8"
309,CartPole-v1,1,1000,0.005,100000,20.4,"RNN, 8"
310,CartPole-v1,1,1000,5e-05,10000,12.28,"RNN, 8"
311,CartPole-v1,1,1000,5e-05,100000,20.9,"RNN, 8"
312,CartPole-v1,10,10,0.0005,10000,139.31,"RNN, 1"
313,CartPole-v1,10,10,0.0005,100000,182.29999999999998,"RNN, 1"
314,CartPole-v1,10,10,0.005,10000,116.51000000000002,"RNN, 1"
315,CartPole-v1,10,10,0.005,100000,228.05,"RNN, 1"
316,CartPole-v1,10,10,5e-05,10000,66.17,"RNN, 1"
317,CartPole-v1,10,10,5e-05,100000,85.86999999999999,"RNN, 1"
318,CartPole-v1,10,10,0.0005,10000,9.810000000000002,"RNN, 2"
319,CartPole-v1,10,10,0.0005,100000,9.59,"RNN, 2"
320,CartPole-v1,10,10,0.005,10000,9.41,"RNN, 2"
321,CartPole-v1,10,10,0.005,100000,9.34,"RNN, 2"
322,CartPole-v1,10,10,5e-05,10000,9.540000000000003,"RNN, 2"
323,CartPole-v1,10,10,5e-05,100000,9.459999999999999,"RNN, 2"
324,CartPole-v1,10,10,0.0005,10000,21.089999999999996,"RNN, 4"
325,CartPole-v1,10,10,0.0005,100000,18.1,"RNN, 4"
326,CartPole-v1,10,10,0.005,10000,19.1,"RNN, 4"
327,CartPole-v1,10,10,0.005,100000,17.060000000000002,"RNN, 4"
328,CartPole-v1,10,10,5e-05,10000,16.049999999999997,"RNN, 4"
329,CartPole-v1,10,10,5e-05,100000,20.279999999999998,"RNN, 4"
330,CartPole-v1,10,10,0.0005,10000,13.290000000000001,"RNN, 8"
331,CartPole-v1,10,10,0.0005,100000,12.439999999999998,"RNN, 8"
332,CartPole-v1,10,10,0.005,10000,17.72,"RNN, 8"
333,CartPole-v1,10,10,0.005,100000,14.41,"RNN, 8"
334,CartPole-v1,10,10,5e-05,10000,10.78,"RNN, 8"
335,CartPole-v1,10,10,5e-05,100000,10.03,"RNN, 8"
336,CartPole-v1,10,100,0.0005,10000,184.28,"RNN, 1"
337,CartPole-v1,10,100,0.0005,100000,205.13000000000002,"RNN, 1"
338,CartPole-v1,10,100,0.005,10000,318.04,"RNN, 1"
339,CartPole-v1,10,100,0.005,100000,259.13,"RNN, 1"
340,CartPole-v1,10,100,5e-05,10000,79.35999999999999,"RNN, 1"
341,CartPole-v1,10,100,5e-05,100000,53.459999999999994,"RNN, 1"
342,CartPole-v1,10,100,0.0005,10000,9.85,"RNN, 2"
343,CartPole-v1,10,100,0.0005,100000,9.35,"RNN, 2"
344,CartPole-v1,10,100,0.005,10000,9.52,"RNN, 2"
345,CartPole-v1,10,100,0.005,100000,9.57,"RNN, 2"
346,CartPole-v1,10,100,5e-05,10000,12.43,"RNN, 2"
347,CartPole-v1,10,100,5e-05,100000,9.44,"RNN, 2"
348,CartPole-v1,10,100,0.0005,10000,16.9,"RNN, 4"
349,CartPole-v1,10,100,0.0005,100000,16.330000000000002,"RNN, 4"
350,CartPole-v1,10,100,0.005,10000,16.32,"RNN, 4"
351,CartPole-v1,10,100,0.005,100000,17.97,"RNN, 4"
352,CartPole-v1,10,100,5e-05,10000,18.18,"RNN, 4"
353,CartPole-v1,10,100,5e-05,100000,17.729999999999997,"RNN, 4"
354,CartPole-v1,10,100,0.0005,10000,13.49,"RNN, 8"
355,CartPole-v1,10,100,0.0005,100000,14.750000000000004,"RNN, 8"
356,CartPole-v1,10,100,0.005,10000,17.59,"RNN, 8"
357,CartPole-v1,10,100,0.005,100000,20.04,"RNN, 8"
358,CartPole-v1,10,100,5e-05,10000,11.3,"RNN, 8"
359,CartPole-v1,10,100,5e-05,100000,10.490000000000002,"RNN, 8"
360,CartPole-v1,10,1000,0.0005,10000,150.57000000000002,"RNN, 1"
361,CartPole-v1,10,1000,0.0005,100000,187.18999999999997,"RNN, 1"
362,CartPole-v1,10,1000,0.005,10000,213.24999999999994,"RNN, 1"
363,CartPole-v1,10,1000,0.005,100000,213.4,"RNN, 1"
364,CartPole-v1,10,1000,5e-05,10000,85.38999999999999,"RNN, 1"
365,CartPole-v1,10,1000,5e-05,100000,82.16,"RNN, 1"
366,CartPole-v1,10,1000,0.0005,10000,9.670000000000002,"RNN, 2"
367,CartPole-v1,10,1000,0.0005,100000,10.809999999999999,"RNN, 2"
368,CartPole-v1,10,1000,0.005,10000,11.139999999999999,"RNN, 2"
369,CartPole-v1,10,1000,0.005,100000,9.430000000000001,"RNN, 2"
370,CartPole-v1,10,1000,5e-05,10000,10.119999999999997,"RNN, 2"
371,CartPole-v1,10,1000,5e-05,100000,9.370000000000001,"RNN, 2"
372,CartPole-v1,10,1000,0.0005,10000,9.969999999999999,"RNN, 4"
373,CartPole-v1,10,1000,0.0005,100000,15.070000000000002,"RNN, 4"
374,CartPole-v1,10,1000,0.005,10000,9.190000000000001,"RNN, 4"
375,CartPole-v1,10,1000,0.005,100000,10.47,"RNN, 4"
376,CartPole-v1,10,1000,5e-05,10000,16.61,"RNN, 4"
377,CartPole-v1,10,1000,5e-05,100000,18.109999999999996,"RNN, 4"
378,CartPole-v1,10,1000,0.0005,10000,27.190000000000005,"RNN, 8"
379,CartPole-v1,10,1000,0.0005,100000,11.21,"RNN, 8"
380,CartPole-v1,10,1000,0.005,10000,48.04,"RNN, 8"
381,CartPole-v1,10,1000,0.005,100000,121.46999999999998,"RNN, 8"
382,CartPole-v1,10,1000,5e-05,10000,20.529999999999998,"RNN, 8"
383,CartPole-v1,10,1000,5e-05,100000,12.760000000000002,"RNN, 8"
384,CartPole-v1,100,100,0.0005,10000,63.67999999999999,"RNN, 1"
385,CartPole-v1,100,100,0.0005,100000,75.41,"RNN, 1"
386,CartPole-v1,100,100,0.005,10000,104.42,"RNN, 1"
387,CartPole-v1,100,100,0.005,100000,166.16,"RNN, 1"
388,CartPole-v1,100,100,5e-05,10000,9.42,"RNN, 1"
389,CartPole-v1,100,100,5e-05,100000,9.41,"RNN, 1"
390,CartPole-v1,100,100,0.0005,10000,9.41,"RNN, 2"
391,CartPole-v1,100,100,0.0005,100000,9.42,"RNN, 2"
392,CartPole-v1,100,100,0.005,10000,9.36,"RNN, 2"
393,CartPole-v1,100,100,0.005,100000,9.290000000000001,"RNN, 2"
394,CartPole-v1,100,100,5e-05,10000,13.260000000000002,"RNN, 2"
395,CartPole-v1,100,100,5e-05,100000,13.4,"RNN, 2"
396,CartPole-v1,100,100,0.0005,10000,19.279999999999998,"RNN, 4"
397,CartPole-v1,100,100,0.0005,100000,20.02,"RNN, 4"
398,CartPole-v1,100,100,0.005,10000,18.23,"RNN, 4"
399,CartPole-v1,100,100,0.005,100000,20.88,"RNN, 4"
400,CartPole-v1,100,100,5e-05,10000,21.119999999999997,"RNN, 4"
401,CartPole-v1,100,100,5e-05,100000,16.63,"RNN, 4"
402,CartPole-v1,100,100,0.0005,10000,11.54,"RNN, 8"
403,CartPole-v1,100,100,0.0005,100000,13.11,"RNN, 8"
404,CartPole-v1,100,100,0.005,10000,15.239999999999998,"RNN, 8"
405,CartPole-v1,100,100,0.005,100000,19.37,"RNN, 8"
406,CartPole-v1,100,100,5e-05,10000,9.4,"RNN, 8"
407,CartPole-v1,100,100,5e-05,100000,9.5,"RNN, 8"
408,CartPole-v1,100,1000,0.0005,10000,63.04,"RNN, 1"
409,CartPole-v1,100,1000,0.0005,100000,89.36999999999999,"RNN, 1"
410,CartPole-v1,100,1000,0.005,10000,150.42000000000002,"RNN, 1"
411,CartPole-v1,100,1000,0.005,100000,248.31000000000003,"RNN, 1"
412,CartPole-v1,100,1000,5e-05,10000,9.43,"RNN, 1"
413,CartPole-v1,100,1000,5e-05,100000,9.370000000000001,"RNN, 1"
414,CartPole-v1,100,1000,0.0005,10000,10.489999999999998,"RNN, 2"
415,CartPole-v1,100,1000,0.0005,100000,9.460000000000003,"RNN, 2"
416,CartPole-v1,100,1000,0.005,10000,10.18,"RNN, 2"
417,CartPole-v1,100,1000,0.005,100000,11.53,"RNN, 2"
418,CartPole-v1,100,1000,5e-05,10000,12.830000000000002,"RNN, 2"
419,CartPole-v1,100,1000,5e-05,100000,13.620000000000001,"RNN, 2"
420,CartPole-v1,100,1000,0.0005,10000,15.4,"RNN, 4"
421,CartPole-v1,100,1000,0.0005,100000,13.87,"RNN, 4"
422,CartPole-v1,100,1000,0.005,10000,9.510000000000002,"RNN, 4"
423,CartPole-v1,100,1000,0.005,100000,10.67,"RNN, 4"
424,CartPole-v1,100,1000,5e-05,10000,17.34,"RNN, 4"
425,CartPole-v1,100,1000,5e-05,100000,14.98,"RNN, 4"
426,CartPole-v1,100,1000,0.0005,10000,13.780000000000001,"RNN, 8"
427,CartPole-v1,100,1000,0.0005,100000,11.94,"RNN, 8"
428,CartPole-v1,100,1000,0.005,10000,142.27,"RNN, 8"
429,CartPole-v1,100,1000,0.005,100000,78.41999999999999,"RNN, 8"
430,CartPole-v1,100,1000,5e-05,10000,11.27,"RNN, 8"
431,CartPole-v1,100,1000,5e-05,100000,10.17,"RNN, 8"
432,MountainCar-v0,1,1,0.0005,10000,200.0,"RNN, 1"
433,MountainCar-v0,1,1,0.0005,100000,200.0,"RNN, 1"
434,MountainCar-v0,1,1,0.005,10000,200.0,"RNN, 1"
435,MountainCar-v0,1,1,0.005,100000,200.0,"RNN, 1"
436,MountainCar-v0,1,1,5e-05,10000,200.0,"RNN, 1"
437,MountainCar-v0,1,1,5e-05,100000,200.0,"RNN, 1"
438,MountainCar-v0,1,1,0.0005,10000,200.0,"RNN, 2"
439,MountainCar-v0,1,1,0.0005,100000,200.0,"RNN, 2"
440,MountainCar-v0,1,1,0.005,10000,200.0,"RNN, 2"
441,MountainCar-v0,1,1,0.005,100000,200.0,"RNN, 2"
442,MountainCar-v0,1,1,5e-05,10000,200.0,"RNN, 2"
443,MountainCar-v0,1,1,5e-05,100000,200.0,"RNN, 2"
444,MountainCar-v0,1,1,0.0005,10000,200.0,"RNN, 4"
445,MountainCar-v0,1,1,0.0005,100000,200.0,"RNN, 4"
446,MountainCar-v0,1,1,0.005,10000,200.0,"RNN, 4"
447,MountainCar-v0,1,1,0.005,100000,200.0,"RNN, 4"
448,MountainCar-v0,1,1,5e-05,10000,200.0,"RNN, 4"
449,MountainCar-v0,1,1,5e-05,100000,200.0,"RNN, 4"
450,MountainCar-v0,1,1,0.0005,10000,200.0,"RNN, 8"
451,MountainCar-v0,1,1,0.0005,100000,200.0,"RNN, 8"
452,MountainCar-v0,1,1,0.005,10000,200.0,"RNN, 8"
453,MountainCar-v0,1,1,0.005,100000,200.0,"RNN, 8"
454,MountainCar-v0,1,1,5e-05,10000,200.0,"RNN, 8"
455,MountainCar-v0,1,1,5e-05,100000,200.0,"RNN, 8"
456,MountainCar-v0,1,10,0.0005,10000,200.0,"RNN, 1"
457,MountainCar-v0,1,10,0.0005,100000,200.0,"RNN, 1"
458,MountainCar-v0,1,10,0.005,10000,200.0,"RNN, 1"
459,MountainCar-v0,1,10,0.005,100000,200.0,"RNN, 1"
460,MountainCar-v0,1,10,5e-05,10000,200.0,"RNN, 1"
461,MountainCar-v0,1,10,5e-05,100000,200.0,"RNN, 1"
462,MountainCar-v0,1,10,0.0005,10000,200.0,"RNN, 2"
463,MountainCar-v0,1,10,0.0005,100000,200.0,"RNN, 2"
464,MountainCar-v0,1,10,0.005,10000,200.0,"RNN, 2"
465,MountainCar-v0,1,10,0.005,100000,200.0,"RNN, 2"
466,MountainCar-v0,1,10,5e-05,10000,200.0,"RNN, 2"
467,MountainCar-v0,1,10,5e-05,100000,200.0,"RNN, 2"
468,MountainCar-v0,1,10,0.0005,10000,200.0,"RNN, 4"
469,MountainCar-v0,1,10,0.0005,100000,200.0,"RNN, 4"
470,MountainCar-v0,1,10,0.005,10000,200.0,"RNN, 4"
471,MountainCar-v0,1,10,0.005,100000,200.0,"RNN, 4"
472,MountainCar-v0,1,10,5e-05,10000,200.0,"RNN, 4"
473,MountainCar-v0,1,10,5e-05,100000,200.0,"RNN, 4"
474,MountainCar-v0,1,10,0.0005,10000,200.0,"RNN, 8"
475,MountainCar-v0,1,10,0.0005,100000,200.0,"RNN, 8"
476,MountainCar-v0,1,10,0.005,10000,200.0,"RNN, 8"
477,MountainCar-v0,1,10,0.005,100000,200.0,"RNN, 8"
478,MountainCar-v0,1,10,5e-05,10000,200.0,"RNN, 8"
479,MountainCar-v0,1,10,5e-05,100000,200.0,"RNN, 8"
480,MountainCar-v0,1,100,0.0005,10000,200.0,"RNN, 1"
481,MountainCar-v0,1,100,0.0005,100000,200.0,"RNN, 1"
482,MountainCar-v0,1,100,0.005,10000,200.0,"RNN, 1"
483,MountainCar-v0,1,100,0.005,100000,200.0,"RNN, 1"
484,MountainCar-v0,1,100,5e-05,10000,200.0,"RNN, 1"
485,MountainCar-v0,1,100,5e-05,100000,200.0,"RNN, 1"
486,MountainCar-v0,1,100,0.0005,10000,200.0,"RNN, 2"
487,MountainCar-v0,1,100,0.0005,100000,200.0,"RNN, 2"
488,MountainCar-v0,1,100,0.005,10000,200.0,"RNN, 2"
489,MountainCar-v0,1,100,0.005,100000,200.0,"RNN, 2"
490,MountainCar-v0,1,100,5e-05,10000,200.0,"RNN, 2"
491,MountainCar-v0,1,100,5e-05,100000,200.0,"RNN, 2"
492,MountainCar-v0,1,100,0.0005,10000,200.0,"RNN, 4"
493,MountainCar-v0,1,100,0.0005,100000,200.0,"RNN, 4"
494,MountainCar-v0,1,100,0.005,10000,200.0,"RNN, 4"
495,MountainCar-v0,1,100,0.005,100000,200.0,"RNN, 4"
496,MountainCar-v0,1,100,5e-05,10000,200.0,"RNN, 4"
497,MountainCar-v0,1,100,5e-05,100000,200.0,"RNN, 4"
498,MountainCar-v0,1,100,0.0005,10000,200.0,"RNN, 8"
499,MountainCar-v0,1,100,0.0005,100000,199.76,"RNN, 8"
500,MountainCar-v0,1,100,0.005,10000,200.0,"RNN, 8"
501,MountainCar-v0,1,100,0.005,100000,200.0,"RNN, 8"
502,MountainCar-v0,1,100,5e-05,10000,200.0,"RNN, 8"
503,MountainCar-v0,1,100,5e-05,100000,199.18,"RNN, 8"
504,MountainCar-v0,1,1000,0.0005,10000,200.0,"RNN, 1"
505,MountainCar-v0,1,1000,0.0005,100000,200.0,"RNN, 1"
506,MountainCar-v0,1,1000,0.005,10000,200.0,"RNN, 1"
507,MountainCar-v0,1,1000,0.005,100000,200.0,"RNN, 1"
508,MountainCar-v0,1,1000,5e-05,10000,200.0,"RNN, 1"
509,MountainCar-v0,1,1000,5e-05,100000,200.0,"RNN, 1"
510,MountainCar-v0,1,1000,0.0005,10000,200.0,"RNN, 2"
511,MountainCar-v0,1,1000,0.0005,100000,196.4,"RNN, 2"
512,MountainCar-v0,1,1000,0.005,10000,200.0,"RNN, 2"
513,MountainCar-v0,1,1000,0.005,100000,200.0,"RNN, 2"
514,MountainCar-v0,1,1000,5e-05,10000,200.0,"RNN, 2"
515,MountainCar-v0,1,1000,5e-05,100000,200.0,"RNN, 2"
516,MountainCar-v0,1,1000,0.0005,10000,199.87,"RNN, 4"
517,MountainCar-v0,1,1000,0.0005,100000,189.8,"RNN, 4"
518,MountainCar-v0,1,1000,0.005,10000,200.0,"RNN, 4"
519,MountainCar-v0,1,1000,0.005,100000,200.0,"RNN, 4"
520,MountainCar-v0,1,1000,5e-05,10000,197.95,"RNN, 4"
521,MountainCar-v0,1,1000,5e-05,100000,200.0,"RNN, 4"
522,MountainCar-v0,1,1000,0.0005,10000,194.65,"RNN, 8"
523,MountainCar-v0,1,1000,0.0005,100000,183.28,"RNN, 8"
524,MountainCar-v0,1,1000,0.005,10000,200.0,"RNN, 8"
525,MountainCar-v0,1,1000,0.005,100000,200.0,"RNN, 8"
526,MountainCar-v0,1,1000,5e-05,10000,193.0,"RNN, 8"
527,MountainCar-v0,1,1000,5e-05,100000,199.81,"RNN, 8"
528,MountainCar-v0,10,10,0.0005,10000,200.0,"RNN, 1"
529,MountainCar-v0,10,10,0.0005,100000,200.0,"RNN, 1"
530,MountainCar-v0,10,10,0.005,10000,200.0,"RNN, 1"
531,MountainCar-v0,10,10,0.005,100000,200.0,"RNN, 1"
532,MountainCar-v0,10,10,5e-05,10000,200.0,"RNN, 1"
533,MountainCar-v0,10,10,5e-05,100000,200.0,"RNN, 1"
534,MountainCar-v0,10,10,0.0005,10000,200.0,"RNN, 2"
535,MountainCar-v0,10,10,0.0005,100000,200.0,"RNN, 2"
536,MountainCar-v0,10,10,0.005,10000,200.0,"RNN, 2"
537,MountainCar-v0,10,10,0.005,100000,200.0,"RNN, 2"
538,MountainCar-v0,10,10,5e-05,10000,200.0,"RNN, 2"
539,MountainCar-v0,10,10,5e-05,100000,200.0,"RNN, 2"
540,MountainCar-v0,10,10,0.0005,10000,200.0,"RNN, 4"
541,MountainCar-v0,10,10,0.0005,100000,198.53,"RNN, 4"
542,MountainCar-v0,10,10,0.005,10000,200.0,"RNN, 4"
543,MountainCar-v0,10,10,0.005,100000,200.0,"RNN, 4"
544,MountainCar-v0,10,10,5e-05,10000,200.0,"RNN, 4"
545,MountainCar-v0,10,10,5e-05,100000,200.0,"RNN, 4"
546,MountainCar-v0,10,10,0.0005,10000,200.0,"RNN, 8"
547,MountainCar-v0,10,10,0.0005,100000,200.0,"RNN, 8"
548,MountainCar-v0,10,10,0.005,10000,200.0,"RNN, 8"
549,MountainCar-v0,10,10,0.005,100000,200.0,"RNN, 8"
550,MountainCar-v0,10,10,5e-05,10000,200.0,"RNN, 8"
551,MountainCar-v0,10,10,5e-05,100000,196.88,"RNN, 8"
552,MountainCar-v0,10,100,0.0005,10000,200.0,"RNN, 1"
553,MountainCar-v0,10,100,0.0005,100000,200.0,"RNN, 1"
554,MountainCar-v0,10,100,0.005,10000,198.07,"RNN, 1"
555,MountainCar-v0,10,100,0.005,100000,199.0,"RNN, 1"
556,MountainCar-v0,10,100,5e-05,10000,200.0,"RNN, 1"
557,MountainCar-v0,10,100,5e-05,100000,200.0,"RNN, 1"
558,MountainCar-v0,10,100,0.0005,10000,197.94,"RNN, 2"
559,MountainCar-v0,10,100,0.0005,100000,200.0,"RNN, 2"
560,MountainCar-v0,10,100,0.005,10000,193.09999999999997,"RNN, 2"
561,MountainCar-v0,10,100,0.005,100000,197.64000000000001,"RNN, 2"
562,MountainCar-v0,10,100,5e-05,10000,200.0,"RNN, 2"
563,MountainCar-v0,10,100,5e-05,100000,200.0,"RNN, 2"
564,MountainCar-v0,10,100,0.0005,10000,200.0,"RNN, 4"
565,MountainCar-v0,10,100,0.0005,100000,200.0,"RNN, 4"
566,MountainCar-v0,10,100,0.005,10000,195.78,"RNN, 4"
567,MountainCar-v0,10,100,0.005,100000,198.91,"RNN, 4"
568,MountainCar-v0,10,100,5e-05,10000,200.0,"RNN, 4"
569,MountainCar-v0,10,100,5e-05,100000,200.0,"RNN, 4"
570,MountainCar-v0,10,100,0.0005,10000,199.64000000000001,"RNN, 8"
571,MountainCar-v0,10,100,0.0005,100000,199.57999999999998,"RNN, 8"
572,MountainCar-v0,10,100,0.005,10000,198.20999999999998,"RNN, 8"
573,MountainCar-v0,10,100,0.005,100000,198.6,"RNN, 8"
574,MountainCar-v0,10,100,5e-05,10000,200.0,"RNN, 8"
575,MountainCar-v0,10,100,5e-05,100000,200.0,"RNN, 8"
576,MountainCar-v0,10,1000,0.0005,10000,200.0,"RNN, 1"
577,MountainCar-v0,10,1000,0.0005,100000,200.0,"RNN, 1"
578,MountainCar-v0,10,1000,0.005,10000,200.0,"RNN, 1"
579,MountainCar-v0,10,1000,0.005,100000,199.13000000000002,"RNN, 1"
580,MountainCar-v0,10,1000,5e-05,10000,200.0,"RNN, 1"
581,MountainCar-v0,10,1000,5e-05,100000,200.0,"RNN, 1"
582,MountainCar-v0,10,1000,0.0005,10000,200.0,"RNN, 2"
583,MountainCar-v0,10,1000,0.0005,100000,198.98,"RNN, 2"
584,MountainCar-v0,10,1000,0.005,10000,193.56,"RNN, 2"
585,MountainCar-v0,10,1000,0.005,100000,195.74,"RNN, 2"
586,MountainCar-v0,10,1000,5e-05,10000,200.0,"RNN, 2"
587,MountainCar-v0,10,1000,5e-05,100000,200.0,"RNN, 2"
588,MountainCar-v0,10,1000,0.0005,10000,200.0,"RNN, 4"
589,MountainCar-v0,10,1000,0.0005,100000,200.0,"RNN, 4"
590,MountainCar-v0,10,1000,0.005,10000,189.66000000000003,"RNN, 4"
591,MountainCar-v0,10,1000,0.005,100000,189.75000000000003,"RNN, 4"
592,MountainCar-v0,10,1000,5e-05,10000,200.0,"RNN, 4"
593,MountainCar-v0,10,1000,5e-05,100000,200.0,"RNN, 4"
594,MountainCar-v0,10,1000,0.0005,10000,198.99,"RNN, 8"
595,MountainCar-v0,10,1000,0.0005,100000,199.84,"RNN, 8"
596,MountainCar-v0,10,1000,0.005,10000,187.14000000000001,"RNN, 8"
597,MountainCar-v0,10,1000,0.005,100000,188.45999999999998,"RNN, 8"
598,MountainCar-v0,10,1000,5e-05,10000,200.0,"RNN, 8"
599,MountainCar-v0,10,1000,5e-05,100000,200.0,"RNN, 8"
600,MountainCar-v0,100,100,0.0005,10000,200.0,"RNN, 1"
601,MountainCar-v0,100,100,0.0005,100000,199.74,"RNN, 1"
602,MountainCar-v0,100,100,0.005,10000,200.0,"RNN, 1"
603,MountainCar-v0,100,100,0.005,100000,200.0,"RNN, 1"
604,MountainCar-v0,100,100,5e-05,10000,200.0,"RNN, 1"
605,MountainCar-v0,100,100,5e-05,100000,200.0,"RNN, 1"
606,MountainCar-v0,100,100,0.0005,10000,200.0,"RNN, 2"
607,MountainCar-v0,100,100,0.0005,100000,200.0,"RNN, 2"
608,MountainCar-v0,100,100,0.005,10000,200.0,"RNN, 2"
609,MountainCar-v0,100,100,0.005,100000,200.0,"RNN, 2"
610,MountainCar-v0,100,100,5e-05,10000,200.0,"RNN, 2"
611,MountainCar-v0,100,100,5e-05,100000,200.0,"RNN, 2"
612,MountainCar-v0,100,100,0.0005,10000,200.0,"RNN, 4"
613,MountainCar-v0,100,100,0.0005,100000,200.0,"RNN, 4"
614,MountainCar-v0,100,100,0.005,10000,200.0,"RNN, 4"
615,MountainCar-v0,100,100,0.005,100000,200.0,"RNN, 4"
616,MountainCar-v0,100,100,5e-05,10000,200.0,"RNN, 4"
617,MountainCar-v0,100,100,5e-05,100000,200.0,"RNN, 4"
618,MountainCar-v0,100,100,0.0005,10000,200.0,"RNN, 8"
619,MountainCar-v0,100,100,0.0005,100000,200.0,"RNN, 8"
620,MountainCar-v0,100,100,0.005,10000,200.0,"RNN, 8"
621,MountainCar-v0,100,100,0.005,100000,199.1,"RNN, 8"
622,MountainCar-v0,100,100,5e-05,10000,200.0,"RNN, 8"
623,MountainCar-v0,100,100,5e-05,100000,200.0,"RNN, 8"
624,MountainCar-v0,100,1000,0.0005,10000,199.82999999999998,"RNN, 1"
625,MountainCar-v0,100,1000,0.0005,100000,200.0,"RNN, 1"
626,MountainCar-v0,100,1000,0.005,10000,200.0,"RNN, 1"
627,MountainCar-v0,100,1000,0.005,100000,200.0,"RNN, 1"
628,MountainCar-v0,100,1000,5e-05,10000,200.0,"RNN, 1"
629,MountainCar-v0,100,1000,5e-05,100000,200.0,"RNN, 1"
630,MountainCar-v0,100,1000,0.0005,10000,200.0,"RNN, 2"
631,MountainCar-v0,100,1000,0.0005,100000,200.0,"RNN, 2"
632,MountainCar-v0,100,1000,0.005,10000,200.0,"RNN, 2"
633,MountainCar-v0,100,1000,0.005,100000,200.0,"RNN, 2"
634,MountainCar-v0,100,1000,5e-05,10000,200.0,"RNN, 2"
635,MountainCar-v0,100,1000,5e-05,100000,200.0,"RNN, 2"
636,MountainCar-v0,100,1000,0.0005,10000,200.0,"RNN, 4"
637,MountainCar-v0,100,1000,0.0005,100000,200.0,"RNN, 4"
638,MountainCar-v0,100,1000,0.005,10000,200.0,"RNN, 4"
639,MountainCar-v0,100,1000,0.005,100000,200.0,"RNN, 4"
640,MountainCar-v0,100,1000,5e-05,10000,200.0,"RNN, 4"
641,MountainCar-v0,100,1000,5e-05,100000,200.0,"RNN, 4"
642,MountainCar-v0,100,1000,0.0005,10000,200.0,"RNN, 8"
643,MountainCar-v0,100,1000,0.0005,100000,200.0,"RNN, 8"
644,MountainCar-v0,100,1000,0.005,10000,200.0,"RNN, 8"
645,MountainCar-v0,100,1000,0.005,100000,200.0,"RNN, 8"
646,MountainCar-v0,100,1000,5e-05,10000,200.0,"RNN, 8"
647,MountainCar-v0,100,1000,5e-05,100000,200.0,"RNN, 8"
648,MountainCar1000-v0,1,1,0.0005,10000,951.53,"RNN, 1"
649,MountainCar1000-v0,1,1,0.0005,100000,977.51,"RNN, 1"
650,MountainCar1000-v0,1,1,0.005,10000,984.15,"RNN, 1"
651,MountainCar1000-v0,1,1,0.005,100000,900.1700000000001,"RNN, 1"
652,MountainCar1000-v0,1,1,5e-05,10000,1000.0,"RNN, 1"
653,MountainCar1000-v0,1,1,5e-05,100000,999.3,"RNN, 1"
654,MountainCar1000-v0,1,1,0.0005,10000,1000.0,"RNN, 2"
655,MountainCar1000-v0,1,1,0.0005,100000,1000.0,"RNN, 2"
656,MountainCar1000-v0,1,1,0.005,10000,1000.0,"RNN, 2"
657,MountainCar1000-v0,1,1,0.005,100000,1000.0,"RNN, 2"
658,MountainCar1000-v0,1,1,5e-05,10000,1000.0,"RNN, 2"
659,MountainCar1000-v0,1,1,5e-05,100000,1000.0,"RNN, 2"
660,MountainCar1000-v0,1,1,0.0005,10000,1000.0,"RNN, 4"
661,MountainCar1000-v0,1,1,0.0005,100000,998.7700000000001,"RNN, 4"
662,MountainCar1000-v0,1,1,0.005,10000,1000.0,"RNN, 4"
663,MountainCar1000-v0,1,1,0.005,100000,1000.0,"RNN, 4"
664,MountainCar1000-v0,1,1,5e-05,10000,1000.0,"RNN, 4"
665,MountainCar1000-v0,1,1,5e-05,100000,1000.0,"RNN, 4"
666,MountainCar1000-v0,1,1,0.0005,10000,1000.0,"RNN, 8"
667,MountainCar1000-v0,1,1,0.0005,100000,1000.0,"RNN, 8"
668,MountainCar1000-v0,1,1,0.005,10000,1000.0,"RNN, 8"
669,MountainCar1000-v0,1,1,0.005,100000,1000.0,"RNN, 8"
670,MountainCar1000-v0,1,1,5e-05,10000,1000.0,"RNN, 8"
671,MountainCar1000-v0,1,1,5e-05,100000,1000.0,"RNN, 8"
672,MountainCar1000-v0,1,10,0.0005,10000,1000.0,"RNN, 1"
673,MountainCar1000-v0,1,10,0.0005,100000,999.3,"RNN, 1"
674,MountainCar1000-v0,1,10,0.005,10000,1000.0,"RNN, 1"
675,MountainCar1000-v0,1,10,0.005,100000,998.4799999999999,"RNN, 1"
676,MountainCar1000-v0,1,10,5e-05,10000,1000.0,"RNN, 1"
677,MountainCar1000-v0,1,10,5e-05,100000,1000.0,"RNN, 1"
678,MountainCar1000-v0,1,10,0.0005,10000,1000.0,"RNN, 2"
679,MountainCar1000-v0,1,10,0.0005,100000,1000.0,"RNN, 2"
680,MountainCar1000-v0,1,10,0.005,10000,1000.0,"RNN, 2"
681,MountainCar1000-v0,1,10,0.005,100000,1000.0,"RNN, 2"
682,MountainCar1000-v0,1,10,5e-05,10000,1000.0,"RNN, 2"
683,MountainCar1000-v0,1,10,5e-05,100000,1000.0,"RNN, 2"
684,MountainCar1000-v0,1,10,0.0005,10000,1000.0,"RNN, 4"
685,MountainCar1000-v0,1,10,0.0005,100000,1000.0,"RNN, 4"
686,MountainCar1000-v0,1,10,0.005,10000,992.7,"RNN, 4"
687,MountainCar1000-v0,1,10,0.005,100000,1000.0,"RNN, 4"
688,MountainCar1000-v0,1,10,5e-05,10000,998.68,"RNN, 4"
689,MountainCar1000-v0,1,10,5e-05,100000,1000.0,"RNN, 4"
690,MountainCar1000-v0,1,10,0.0005,10000,988.6600000000001,"RNN, 8"
691,MountainCar1000-v0,1,10,0.0005,100000,997.7400000000001,"RNN, 8"
692,MountainCar1000-v0,1,10,0.005,10000,997.5799999999999,"RNN, 8"
693,MountainCar1000-v0,1,10,0.005,100000,994.7199999999999,"RNN, 8"
694,MountainCar1000-v0,1,10,5e-05,10000,999.3799999999999,"RNN, 8"
695,MountainCar1000-v0,1,10,5e-05,100000,1000.0,"RNN, 8"
696,MountainCar1000-v0,1,100,0.0005,10000,997.6899999999999,"RNN, 1"
697,MountainCar1000-v0,1,100,0.0005,100000,998.1299999999999,"RNN, 1"
698,MountainCar1000-v0,1,100,0.005,10000,1000.0,"RNN, 1"
699,MountainCar1000-v0,1,100,0.005,100000,1000.0,"RNN, 1"
700,MountainCar1000-v0,1,100,5e-05,10000,1000.0,"RNN, 1"
701,MountainCar1000-v0,1,100,5e-05,100000,1000.0,"RNN, 1"
702,MountainCar1000-v0,1,100,0.0005,10000,988.6900000000002,"RNN, 2"
703,MountainCar1000-v0,1,100,0.0005,100000,975.0200000000001,"RNN, 2"
704,MountainCar1000-v0,1,100,0.005,10000,996.86,"RNN, 2"
705,MountainCar1000-v0,1,100,0.005,100000,1000.0,"RNN, 2"
706,MountainCar1000-v0,1,100,5e-05,10000,1000.0,"RNN, 2"
707,MountainCar1000-v0,1,100,5e-05,100000,1000.0,"RNN, 2"
708,MountainCar1000-v0,1,100,0.0005,10000,976.0699999999999,"RNN, 4"
709,MountainCar1000-v0,1,100,0.0005,100000,992.8,"RNN, 4"
710,MountainCar1000-v0,1,100,0.005,10000,999.0600000000001,"RNN, 4"
711,MountainCar1000-v0,1,100,0.005,100000,1000.0,"RNN, 4"
712,MountainCar1000-v0,1,100,5e-05,10000,1000.0,"RNN, 4"
713,MountainCar1000-v0,1,100,5e-05,100000,1000.0,"RNN, 4"
714,MountainCar1000-v0,1,100,0.0005,10000,944.8299999999999,"RNN, 8"
715,MountainCar1000-v0,1,100,0.0005,100000,965.9100000000001,"RNN, 8"
716,MountainCar1000-v0,1,100,0.005,10000,994.11,"RNN, 8"
717,MountainCar1000-v0,1,100,0.005,100000,983.15,"RNN, 8"
718,MountainCar1000-v0,1,100,5e-05,10000,955.8299999999999,"RNN, 8"
719,MountainCar1000-v0,1,100,5e-05,100000,1000.0,"RNN, 8"
720,MountainCar1000-v0,1,1000,0.0005,10000,1000.0,"RNN, 1"
721,MountainCar1000-v0,1,1000,0.0005,100000,1000.0,"RNN, 1"
722,MountainCar1000-v0,1,1000,0.005,10000,997.74,"RNN, 1"
723,MountainCar1000-v0,1,1000,0.005,100000,1000.0,"RNN, 1"
724,MountainCar1000-v0,1,1000,5e-05,10000,1000.0,"RNN, 1"
725,MountainCar1000-v0,1,1000,5e-05,100000,1000.0,"RNN, 1"
726,MountainCar1000-v0,1,1000,0.0005,10000,977.24,"RNN, 2"
727,MountainCar1000-v0,1,1000,0.0005,100000,983.21,"RNN, 2"
728,MountainCar1000-v0,1,1000,0.005,10000,998.9,"RNN, 2"
729,MountainCar1000-v0,1,1000,0.005,100000,999.51,"RNN, 2"
730,MountainCar1000-v0,1,1000,5e-05,10000,999.9799999999999,"RNN, 2"
731,MountainCar1000-v0,1,1000,5e-05,100000,999.5599999999998,"RNN, 2"
732,MountainCar1000-v0,1,1000,0.0005,10000,1000.0,"RNN, 4"
733,MountainCar1000-v0,1,1000,0.0005,100000,1000.0,"RNN, 4"
734,MountainCar1000-v0,1,1000,0.005,10000,993.28,"RNN, 4"
735,MountainCar1000-v0,1,1000,0.005,100000,992.57,"RNN, 4"
736,MountainCar1000-v0,1,1000,5e-05,10000,991.1200000000001,"RNN, 4"
737,MountainCar1000-v0,1,1000,5e-05,100000,923.8,"RNN, 4"
738,MountainCar1000-v0,1,1000,0.0005,10000,777.5200000000001,"RNN, 8"
739,MountainCar1000-v0,1,1000,0.0005,100000,978.8100000000001,"RNN, 8"
740,MountainCar1000-v0,1,1000,0.005,10000,991.9200000000001,"RNN, 8"
741,MountainCar1000-v0,1,1000,0.005,100000,921.82,"RNN, 8"
742,MountainCar1000-v0,1,1000,5e-05,10000,844.4,"RNN, 8"
743,MountainCar1000-v0,1,1000,5e-05,100000,957.0799999999999,"RNN, 8"
744,MountainCar1000-v0,10,10,0.0005,10000,1000.0,"RNN, 1"
745,MountainCar1000-v0,10,10,0.0005,100000,1000.0,"RNN, 1"
746,MountainCar1000-v0,10,10,0.005,10000,941.6699999999998,"RNN, 1"
747,MountainCar1000-v0,10,10,0.005,100000,998.3799999999999,"RNN, 1"
748,MountainCar1000-v0,10,10,5e-05,10000,999.15,"RNN, 1"
749,MountainCar1000-v0,10,10,5e-05,100000,994.5,"RNN, 1"
750,MountainCar1000-v0,10,10,0.0005,10000,1000.0,"RNN, 2"
751,MountainCar1000-v0,10,10,0.0005,100000,1000.0,"RNN, 2"
752,MountainCar1000-v0,10,10,0.005,10000,1000.0,"RNN, 2"
753,MountainCar1000-v0,10,10,0.005,100000,1000.0,"RNN, 2"
754,MountainCar1000-v0,10,10,5e-05,10000,1000.0,"RNN, 2"
755,MountainCar1000-v0,10,10,5e-05,100000,1000.0,"RNN, 2"
756,MountainCar1000-v0,10,10,0.0005,10000,988.61,"RNN, 4"
757,MountainCar1000-v0,10,10,0.0005,100000,1000.0,"RNN, 4"
758,MountainCar1000-v0,10,10,0.005,10000,1000.0,"RNN, 4"
759,MountainCar1000-v0,10,10,0.005,100000,1000.0,"RNN, 4"
760,MountainCar1000-v0,10,10,5e-05,10000,1000.0,"RNN, 4"
761,MountainCar1000-v0,10,10,5e-05,100000,1000.0,"RNN, 4"
762,MountainCar1000-v0,10,10,0.0005,10000,1000.0,"RNN, 8"
763,MountainCar1000-v0,10,10,0.0005,100000,1000.0,"RNN, 8"
764,MountainCar1000-v0,10,10,0.005,10000,1000.0,"RNN, 8"
765,MountainCar1000-v0,10,10,0.005,100000,1000.0,"RNN, 8"
766,MountainCar1000-v0,10,10,5e-05,10000,1000.0,"RNN, 8"
767,MountainCar1000-v0,10,10,5e-05,100000,1000.0,"RNN, 8"
768,MountainCar1000-v0,10,100,0.0005,10000,999.15,"RNN, 1"
769,MountainCar1000-v0,10,100,0.0005,100000,997.97,"RNN, 1"
770,MountainCar1000-v0,10,100,0.005,10000,991.97,"RNN, 1"
771,MountainCar1000-v0,10,100,0.005,100000,979.49,"RNN, 1"
772,MountainCar1000-v0,10,100,5e-05,10000,993.93,"RNN, 1"
773,MountainCar1000-v0,10,100,5e-05,100000,1000.0,"RNN, 1"
774,MountainCar1000-v0,10,100,0.0005,10000,990.74,"RNN, 2"
775,MountainCar1000-v0,10,100,0.0005,100000,1000.0,"RNN, 2"
776,MountainCar1000-v0,10,100,0.005,10000,991.18,"RNN, 2"
777,MountainCar1000-v0,10,100,0.005,100000,998.26,"RNN, 2"
778,MountainCar1000-v0,10,100,5e-05,10000,1000.0,"RNN, 2"
779,MountainCar1000-v0,10,100,5e-05,100000,1000.0,"RNN, 2"
780,MountainCar1000-v0,10,100,0.0005,10000,995.74,"RNN, 4"
781,MountainCar1000-v0,10,100,0.0005,100000,988.74,"RNN, 4"
782,MountainCar1000-v0,10,100,0.005,10000,915.0200000000001,"RNN, 4"
783,MountainCar1000-v0,10,100,0.005,100000,980.5,"RNN, 4"
784,MountainCar1000-v0,10,100,5e-05,10000,1000.0,"RNN, 4"
785,MountainCar1000-v0,10,100,5e-05,100000,997.25,"RNN, 4"
786,MountainCar1000-v0,10,100,0.0005,10000,968.28,"RNN, 8"
787,MountainCar1000-v0,10,100,0.0005,100000,938.8299999999999,"RNN, 8"
788,MountainCar1000-v0,10,100,0.005,10000,914.8699999999999,"RNN, 8"
789,MountainCar1000-v0,10,100,0.005,100000,894.96,"RNN, 8"
790,MountainCar1000-v0,10,100,5e-05,10000,1000.0,"RNN, 8"
791,MountainCar1000-v0,10,100,5e-05,100000,997.07,"RNN, 8"
792,MountainCar1000-v0,10,1000,0.0005,10000,1000.0,"RNN, 1"
793,MountainCar1000-v0,10,1000,0.0005,100000,1000.0,"RNN, 1"
794,MountainCar1000-v0,10,1000,0.005,10000,1000.0,"RNN, 1"
795,MountainCar1000-v0,10,1000,0.005,100000,998.8799999999999,"RNN, 1"
796,MountainCar1000-v0,10,1000,5e-05,10000,996.61,"RNN, 1"
797,MountainCar1000-v0,10,1000,5e-05,100000,1000.0,"RNN, 1"
798,MountainCar1000-v0,10,1000,0.0005,10000,1000.0,"RNN, 2"
799,MountainCar1000-v0,10,1000,0.0005,100000,1000.0,"RNN, 2"
800,MountainCar1000-v0,10,1000,0.005,10000,936.3400000000001,"RNN, 2"
801,MountainCar1000-v0,10,1000,0.005,100000,987.9,"RNN, 2"
802,MountainCar1000-v0,10,1000,5e-05,10000,999.99,"RNN, 2"
803,MountainCar1000-v0,10,1000,5e-05,100000,1000.0,"RNN, 2"
804,MountainCar1000-v0,10,1000,0.0005,10000,990.57,"RNN, 4"
805,MountainCar1000-v0,10,1000,0.0005,100000,998.4100000000001,"RNN, 4"
806,MountainCar1000-v0,10,1000,0.005,10000,809.5600000000001,"RNN, 4"
807,MountainCar1000-v0,10,1000,0.005,100000,831.8700000000001,"RNN, 4"
808,MountainCar1000-v0,10,1000,5e-05,10000,1000.0,"RNN, 4"
809,MountainCar1000-v0,10,1000,5e-05,100000,1000.0,"RNN, 4"
810,MountainCar1000-v0,10,1000,0.0005,10000,838.7700000000001,"RNN, 8"
811,MountainCar1000-v0,10,1000,0.0005,100000,935.57,"RNN, 8"
812,MountainCar1000-v0,10,1000,0.005,10000,811.65,"RNN, 8"
813,MountainCar1000-v0,10,1000,0.005,100000,889.2,"RNN, 8"
814,MountainCar1000-v0,10,1000,5e-05,10000,1000.0,"RNN, 8"
815,MountainCar1000-v0,10,1000,5e-05,100000,990.8699999999999,"RNN, 8"
816,MountainCar1000-v0,100,100,0.0005,10000,989.1400000000001,"RNN, 1"
817,MountainCar1000-v0,100,100,0.0005,100000,1000.0,"RNN, 1"
818,MountainCar1000-v0,100,100,0.005,10000,1000.0,"RNN, 1"
819,MountainCar1000-v0,100,100,0.005,100000,997.97,"RNN, 1"
820,MountainCar1000-v0,100,100,5e-05,10000,982.0799999999999,"RNN, 1"
821,MountainCar1000-v0,100,100,5e-05,100000,1000.0,"RNN, 1"
822,MountainCar1000-v0,100,100,0.0005,10000,1000.0,"RNN, 2"
823,MountainCar1000-v0,100,100,0.0005,100000,1000.0,"RNN, 2"
824,MountainCar1000-v0,100,100,0.005,10000,1000.0,"RNN, 2"
825,MountainCar1000-v0,100,100,0.005,100000,1000.0,"RNN, 2"
826,MountainCar1000-v0,100,100,5e-05,10000,1000.0,"RNN, 2"
827,MountainCar1000-v0,100,100,5e-05,100000,1000.0,"RNN, 2"
828,MountainCar1000-v0,100,100,0.0005,10000,1000.0,"RNN, 4"
829,MountainCar1000-v0,100,100,0.0005,100000,1000.0,"RNN, 4"
830,MountainCar1000-v0,100,100,0.005,10000,994.4799999999999,"RNN, 4"
831,MountainCar1000-v0,100,100,0.005,100000,1000.0,"RNN, 4"
832,MountainCar1000-v0,100,100,5e-05,10000,1000.0,"RNN, 4"
833,MountainCar1000-v0,100,100,5e-05,100000,1000.0,"RNN, 4"
834,MountainCar1000-v0,100,100,0.0005,10000,1000.0,"RNN, 8"
835,MountainCar1000-v0,100,100,0.0005,100000,1000.0,"RNN, 8"
836,MountainCar1000-v0,100,100,0.005,10000,986.0400000000002,"RNN, 8"
837,MountainCar1000-v0,100,100,0.005,100000,993.75,"RNN, 8"
838,MountainCar1000-v0,100,100,5e-05,10000,1000.0,"RNN, 8"
839,MountainCar1000-v0,100,100,5e-05,100000,1000.0,"RNN, 8"
840,MountainCar1000-v0,100,1000,0.0005,10000,1000.0,"RNN, 1"
841,MountainCar1000-v0,100,1000,0.0005,100000,1000.0,"RNN, 1"
842,MountainCar1000-v0,100,1000,0.005,10000,1000.0,"RNN, 1"
843,MountainCar1000-v0,100,1000,0.005,100000,1000.0,"RNN, 1"
844,MountainCar1000-v0,100,1000,5e-05,10000,996.29,"RNN, 1"
845,MountainCar1000-v0,100,1000,5e-05,100000,1000.0,"RNN, 1"
846,MountainCar1000-v0,100,1000,0.0005,10000,999.3700000000001,"RNN, 2"
847,MountainCar1000-v0,100,1000,0.0005,100000,1000.0,"RNN, 2"
848,MountainCar1000-v0,100,1000,0.005,10000,998.0,"RNN, 2"
849,MountainCar1000-v0,100,1000,0.005,100000,999.3100000000001,"RNN, 2"
850,MountainCar1000-v0,100,1000,5e-05,10000,1000.0,"RNN, 2"
851,MountainCar1000-v0,100,1000,5e-05,100000,1000.0,"RNN, 2"
852,MountainCar1000-v0,100,1000,0.0005,10000,996.45,"RNN, 4"
853,MountainCar1000-v0,100,1000,0.0005,100000,1000.0,"RNN, 4"
854,MountainCar1000-v0,100,1000,0.005,10000,1000.0,"RNN, 4"
855,MountainCar1000-v0,100,1000,0.005,100000,1000.0,"RNN, 4"
856,MountainCar1000-v0,100,1000,5e-05,10000,1000.0,"RNN, 4"
857,MountainCar1000-v0,100,1000,5e-05,100000,1000.0,"RNN, 4"
858,MountainCar1000-v0,100,1000,0.0005,10000,998.45,"RNN, 8"
859,MountainCar1000-v0,100,1000,0.0005,100000,998.3100000000001,"RNN, 8"
860,MountainCar1000-v0,100,1000,0.005,10000,997.72,"RNN, 8"
861,MountainCar1000-v0,100,1000,0.005,100000,996.99,"RNN, 8"
862,MountainCar1000-v0,100,1000,5e-05,10000,1000.0,"RNN, 8"
863,MountainCar1000-v0,100,1000,5e-05,100000,1000.0,"RNN, 8"
864,envs:random_maze-v0,1,1,0.0005,10000,347.53000000000003,"RNN, 1"
865,envs:random_maze-v0,1,1,0.0005,100000,218.85999999999999,"RNN, 1"
866,envs:random_maze-v0,1,1,0.005,10000,484.23,"RNN, 1"
867,envs:random_maze-v0,1,1,0.005,100000,574.24,"RNN, 1"
868,envs:random_maze-v0,1,1,5e-05,10000,787.45,"RNN, 1"
869,envs:random_maze-v0,1,1,5e-05,100000,861.9,"RNN, 1"
870,envs:random_maze-v0,1,1,0.0005,10000,508.3299999999999,"RNN, 2"
871,envs:random_maze-v0,1,1,0.0005,100000,494.51000000000005,"RNN, 2"
872,envs:random_maze-v0,1,1,0.005,10000,573.6000000000001,"RNN, 2"
873,envs:random_maze-v0,1,1,0.005,100000,768.1700000000001,"RNN, 2"
874,envs:random_maze-v0,1,1,5e-05,10000,614.17,"RNN, 2"
875,envs:random_maze-v0,1,1,5e-05,100000,494.75,"RNN, 2"
876,envs:random_maze-v0,1,1,0.0005,10000,245.73000000000002,"RNN, 4"
877,envs:random_maze-v0,1,1,0.0005,100000,114.68000000000002,"RNN, 4"
878,envs:random_maze-v0,1,1,0.005,10000,586.01,"RNN, 4"
879,envs:random_maze-v0,1,1,0.005,100000,414.5,"RNN, 4"
880,envs:random_maze-v0,1,1,5e-05,10000,113.33,"RNN, 4"
881,envs:random_maze-v0,1,1,5e-05,100000,113.35,"RNN, 4"
882,envs:random_maze-v0,1,1,0.0005,10000,66.21000000000001,"RNN, 8"
883,envs:random_maze-v0,1,1,0.0005,100000,63.960000000000015,"RNN, 8"
884,envs:random_maze-v0,1,1,0.005,10000,416.64000000000004,"RNN, 8"
885,envs:random_maze-v0,1,1,0.005,100000,415.35,"RNN, 8"
886,envs:random_maze-v0,1,1,5e-05,10000,14.9,"RNN, 8"
887,envs:random_maze-v0,1,1,5e-05,100000,15.079999999999998,"RNN, 8"
888,envs:random_maze-v0,1,10,0.0005,10000,386.01000000000005,"RNN, 1"
889,envs:random_maze-v0,1,10,0.0005,100000,354.22,"RNN, 1"
890,envs:random_maze-v0,1,10,0.005,10000,528.87,"RNN, 1"
891,envs:random_maze-v0,1,10,0.005,100000,576.51,"RNN, 1"
892,envs:random_maze-v0,1,10,5e-05,10000,868.7199999999999,"RNN, 1"
893,envs:random_maze-v0,1,10,5e-05,100000,865.5599999999998,"RNN, 1"
894,envs:random_maze-v0,1,10,0.0005,10000,319.32,"RNN, 2"
895,envs:random_maze-v0,1,10,0.0005,100000,168.7,"RNN, 2"
896,envs:random_maze-v0,1,10,0.005,10000,540.28,"RNN, 2"
897,envs:random_maze-v0,1,10,0.005,100000,705.4100000000001,"RNN, 2"
898,envs:random_maze-v0,1,10,5e-05,10000,676.7,"RNN, 2"
899,envs:random_maze-v0,1,10,5e-05,100000,719.75,"RNN, 2"
900,envs:random_maze-v0,1,10,0.0005,10000,61.269999999999996,"RNN, 4"
901,envs:random_maze-v0,1,10,0.0005,100000,71.65,"RNN, 4"
902,envs:random_maze-v0,1,10,0.005,10000,348.66999999999996,"RNN, 4"
903,envs:random_maze-v0,1,10,0.005,100000,612.65,"RNN, 4"
904,envs:random_maze-v0,1,10,5e-05,10000,204.85,"RNN, 4"
905,envs:random_maze-v0,1,10,5e-05,100000,90.55,"RNN, 4"
906,envs:random_maze-v0,1,10,0.0005,10000,15.14,"RNN, 8"
907,envs:random_maze-v0,1,10,0.0005,100000,15.029999999999998,"RNN, 8"
908,envs:random_maze-v0,1,10,0.005,10000,437.14,"RNN, 8"
909,envs:random_maze-v0,1,10,0.005,100000,701.6299999999999,"RNN, 8"
910,envs:random_maze-v0,1,10,5e-05,10000,14.929999999999998,"RNN, 8"
911,envs:random_maze-v0,1,10,5e-05,100000,14.940000000000001,"RNN, 8"
912,envs:random_maze-v0,1,100,0.0005,10000,459.5200000000001,"RNN, 1"
913,envs:random_maze-v0,1,100,0.0005,100000,373.4,"RNN, 1"
914,envs:random_maze-v0,1,100,0.005,10000,318.90999999999997,"RNN, 1"
915,envs:random_maze-v0,1,100,0.005,100000,181.58999999999997,"RNN, 1"
916,envs:random_maze-v0,1,100,5e-05,10000,887.2599999999999,"RNN, 1"
917,envs:random_maze-v0,1,100,5e-05,100000,923.76,"RNN, 1"
918,envs:random_maze-v0,1,100,0.0005,10000,169.58,"RNN, 2"
919,envs:random_maze-v0,1,100,0.0005,100000,47.25,"RNN, 2"
920,envs:random_maze-v0,1,100,0.005,10000,555.88,"RNN, 2"
921,envs:random_maze-v0,1,100,0.005,100000,580.82,"RNN, 2"
922,envs:random_maze-v0,1,100,5e-05,10000,813.38,"RNN, 2"
923,envs:random_maze-v0,1,100,5e-05,100000,759.34,"RNN, 2"
924,envs:random_maze-v0,1,100,0.0005,10000,16.85,"RNN, 4"
925,envs:random_maze-v0,1,100,0.0005,100000,14.989999999999998,"RNN, 4"
926,envs:random_maze-v0,1,100,0.005,10000,418.94000000000005,"RNN, 4"
927,envs:random_maze-v0,1,100,0.005,100000,566.3000000000001,"RNN, 4"
928,envs:random_maze-v0,1,100,5e-05,10000,14.98,"RNN, 4"
929,envs:random_maze-v0,1,100,5e-05,100000,14.959999999999997,"RNN, 4"
930,envs:random_maze-v0,1,100,0.0005,10000,14.969999999999999,"RNN, 8"
931,envs:random_maze-v0,1,100,0.0005,100000,86.22000000000001,"RNN, 8"
932,envs:random_maze-v0,1,100,0.005,10000,509.68,"RNN, 8"
933,envs:random_maze-v0,1,100,0.005,100000,478.2999999999999,"RNN, 8"
934,envs:random_maze-v0,1,100,5e-05,10000,15.020000000000001,"RNN, 8"
935,envs:random_maze-v0,1,100,5e-05,100000,15.030000000000001,"RNN, 8"
936,envs:random_maze-v0,1,1000,0.0005,10000,547.6800000000001,"RNN, 1"
937,envs:random_maze-v0,1,1000,0.0005,100000,417.93999999999994,"RNN, 1"
938,envs:random_maze-v0,1,1000,0.005,10000,445.96000000000004,"RNN, 1"
939,envs:random_maze-v0,1,1000,0.005,100000,449.64,"RNN, 1"
940,envs:random_maze-v0,1,1000,5e-05,10000,730.54,"RNN, 1"
941,envs:random_maze-v0,1,1000,5e-05,100000,816.49,"RNN, 1"
942,envs:random_maze-v0,1,1000,0.0005,10000,63.11,"RNN, 2"
943,envs:random_maze-v0,1,1000,0.0005,100000,110.41000000000001,"RNN, 2"
944,envs:random_maze-v0,1,1000,0.005,10000,308.15,"RNN, 2"
945,envs:random_maze-v0,1,1000,0.005,100000,390.25,"RNN, 2"
946,envs:random_maze-v0,1,1000,5e-05,10000,447.75,"RNN, 2"
947,envs:random_maze-v0,1,1000,5e-05,100000,488.28000000000003,"RNN, 2"
948,envs:random_maze-v0,1,1000,0.0005,10000,112.76000000000002,"RNN, 4"
949,envs:random_maze-v0,1,1000,0.0005,100000,37.42,"RNN, 4"
950,envs:random_maze-v0,1,1000,0.005,10000,540.5899999999999,"RNN, 4"
951,envs:random_maze-v0,1,1000,0.005,100000,354.62,"RNN, 4"
952,envs:random_maze-v0,1,1000,5e-05,10000,14.959999999999999,"RNN, 4"
953,envs:random_maze-v0,1,1000,5e-05,100000,95.72999999999999,"RNN, 4"
954,envs:random_maze-v0,1,1000,0.0005,10000,15.020000000000001,"RNN, 8"
955,envs:random_maze-v0,1,1000,0.0005,100000,14.89,"RNN, 8"
956,envs:random_maze-v0,1,1000,0.005,10000,628.62,"RNN, 8"
957,envs:random_maze-v0,1,1000,0.005,100000,333.30000000000007,"RNN, 8"
958,envs:random_maze-v0,1,1000,5e-05,10000,14.940000000000001,"RNN, 8"
959,envs:random_maze-v0,1,1000,5e-05,100000,15.009999999999996,"RNN, 8"
960,envs:random_maze-v0,10,10,0.0005,10000,595.52,"RNN, 1"
961,envs:random_maze-v0,10,10,0.0005,100000,601.2099999999999,"RNN, 1"
962,envs:random_maze-v0,10,10,0.005,10000,641.46,"RNN, 1"
963,envs:random_maze-v0,10,10,0.005,100000,449.02,"RNN, 1"
964,envs:random_maze-v0,10,10,5e-05,10000,818.4399999999999,"RNN, 1"
965,envs:random_maze-v0,10,10,5e-05,100000,789.05,"RNN, 1"
966,envs:random_maze-v0,10,10,0.0005,10000,227.71000000000004,"RNN, 2"
967,envs:random_maze-v0,10,10,0.0005,100000,224.52000000000004,"RNN, 2"
968,envs:random_maze-v0,10,10,0.005,10000,607.18,"RNN, 2"
969,envs:random_maze-v0,10,10,0.005,100000,766.74,"RNN, 2"
970,envs:random_maze-v0,10,10,5e-05,10000,625.8300000000002,"RNN, 2"
971,envs:random_maze-v0,10,10,5e-05,100000,592.49,"RNN, 2"
972,envs:random_maze-v0,10,10,0.0005,10000,113.41000000000001,"RNN, 4"
973,envs:random_maze-v0,10,10,0.0005,100000,119.83000000000001,"RNN, 4"
974,envs:random_maze-v0,10,10,0.005,10000,538.62,"RNN, 4"
975,envs:random_maze-v0,10,10,0.005,100000,595.19,"RNN, 4"
976,envs:random_maze-v0,10,10,5e-05,10000,14.949999999999998,"RNN, 4"
977,envs:random_maze-v0,10,10,5e-05,100000,14.98,"RNN, 4"
978,envs:random_maze-v0,10,10,0.0005,10000,21.250000000000004,"RNN, 8"
979,envs:random_maze-v0,10,10,0.0005,100000,14.91,"RNN, 8"
980,envs:random_maze-v0,10,10,0.005,10000,844.2599999999999,"RNN, 8"
981,envs:random_maze-v0,10,10,0.005,100000,435.37000000000006,"RNN, 8"
982,envs:random_maze-v0,10,10,5e-05,10000,15.000000000000004,"RNN, 8"
983,envs:random_maze-v0,10,10,5e-05,100000,14.87,"RNN, 8"
984,envs:random_maze-v0,10,100,0.0005,10000,625.5899999999999,"RNN, 1"
985,envs:random_maze-v0,10,100,0.0005,100000,650.9,"RNN, 1"
986,envs:random_maze-v0,10,100,0.005,10000,89.21,"RNN, 1"
987,envs:random_maze-v0,10,100,0.005,100000,25.060000000000002,"RNN, 1"
988,envs:random_maze-v0,10,100,5e-05,10000,855.65,"RNN, 1"
989,envs:random_maze-v0,10,100,5e-05,100000,823.3799999999999,"RNN, 1"
990,envs:random_maze-v0,10,100,0.0005,10000,408.7699999999999,"RNN, 2"
991,envs:random_maze-v0,10,100,0.0005,100000,586.24,"RNN, 2"
992,envs:random_maze-v0,10,100,0.005,10000,796.73,"RNN, 2"
993,envs:random_maze-v0,10,100,0.005,100000,587.75,"RNN, 2"
994,envs:random_maze-v0,10,100,5e-05,10000,627.24,"RNN, 2"
995,envs:random_maze-v0,10,100,5e-05,100000,600.6400000000001,"RNN, 2"
996,envs:random_maze-v0,10,100,0.0005,10000,45.59000000000001,"RNN, 4"
997,envs:random_maze-v0,10,100,0.0005,100000,14.940000000000001,"RNN, 4"
998,envs:random_maze-v0,10,100,0.005,10000,435.18999999999994,"RNN, 4"
999,envs:random_maze-v0,10,100,0.005,100000,410.06000000000006,"RNN, 4"
1000,envs:random_maze-v0,10,100,5e-05,10000,14.989999999999998,"RNN, 4"
1001,envs:random_maze-v0,10,100,5e-05,100000,15.02,"RNN, 4"
1002,envs:random_maze-v0,10,100,0.0005,10000,14.95,"RNN, 8"
1003,envs:random_maze-v0,10,100,0.0005,100000,14.99,"RNN, 8"
1004,envs:random_maze-v0,10,100,0.005,10000,266.83000000000004,"RNN, 8"
1005,envs:random_maze-v0,10,100,0.005,100000,234.61999999999998,"RNN, 8"
1006,envs:random_maze-v0,10,100,5e-05,10000,14.930000000000001,"RNN, 8"
1007,envs:random_maze-v0,10,100,5e-05,100000,14.970000000000002,"RNN, 8"
1008,envs:random_maze-v0,10,1000,0.0005,10000,623.58,"RNN, 1"
1009,envs:random_maze-v0,10,1000,0.0005,100000,764.8199999999999,"RNN, 1"
1010,envs:random_maze-v0,10,1000,0.005,10000,220.22999999999996,"RNN, 1"
1011,envs:random_maze-v0,10,1000,0.005,100000,51.6,"RNN, 1"
1012,envs:random_maze-v0,10,1000,5e-05,10000,807.24,"RNN, 1"
1013,envs:random_maze-v0,10,1000,5e-05,100000,708.31,"RNN, 1"
1014,envs:random_maze-v0,10,1000,0.0005,10000,195.57999999999998,"RNN, 2"
1015,envs:random_maze-v0,10,1000,0.0005,100000,250.18,"RNN, 2"
1016,envs:random_maze-v0,10,1000,0.005,10000,139.47,"RNN, 2"
1017,envs:random_maze-v0,10,1000,0.005,100000,114.97,"RNN, 2"
1018,envs:random_maze-v0,10,1000,5e-05,10000,642.1300000000001,"RNN, 2"
1019,envs:random_maze-v0,10,1000,5e-05,100000,505.0,"RNN, 2"
1020,envs:random_maze-v0,10,1000,0.0005,10000,14.959999999999999,"RNN, 4"
1021,envs:random_maze-v0,10,1000,0.0005,100000,14.86,"RNN, 4"
1022,envs:random_maze-v0,10,1000,0.005,10000,81.83,"RNN, 4"
1023,envs:random_maze-v0,10,1000,0.005,100000,16.15,"RNN, 4"
1024,envs:random_maze-v0,10,1000,5e-05,10000,14.9,"RNN, 4"
1025,envs:random_maze-v0,10,1000,5e-05,100000,14.969999999999999,"RNN, 4"
1026,envs:random_maze-v0,10,1000,0.0005,10000,14.999999999999996,"RNN, 8"
1027,envs:random_maze-v0,10,1000,0.0005,100000,15.02,"RNN, 8"
1028,envs:random_maze-v0,10,1000,0.005,10000,14.9,"RNN, 8"
1029,envs:random_maze-v0,10,1000,0.005,100000,143.13,"RNN, 8"
1030,envs:random_maze-v0,10,1000,5e-05,10000,15.01,"RNN, 8"
1031,envs:random_maze-v0,10,1000,5e-05,100000,14.959999999999999,"RNN, 8"
1032,envs:random_maze-v0,100,100,0.0005,10000,702.73,"RNN, 1"
1033,envs:random_maze-v0,100,100,0.0005,100000,687.61,"RNN, 1"
1034,envs:random_maze-v0,100,100,0.005,10000,809.3299999999999,"RNN, 1"
1035,envs:random_maze-v0,100,100,0.005,100000,566.4599999999999,"RNN, 1"
1036,envs:random_maze-v0,100,100,5e-05,10000,894.97,"RNN, 1"
1037,envs:random_maze-v0,100,100,5e-05,100000,939.6599999999999,"RNN, 1"
1038,envs:random_maze-v0,100,100,0.0005,10000,580.8299999999999,"RNN, 2"
1039,envs:random_maze-v0,100,100,0.0005,100000,479.7200000000001,"RNN, 2"
1040,envs:random_maze-v0,100,100,0.005,10000,463.93999999999994,"RNN, 2"
1041,envs:random_maze-v0,100,100,0.005,100000,567.98,"RNN, 2"
1042,envs:random_maze-v0,100,100,5e-05,10000,959.5500000000002,"RNN, 2"
1043,envs:random_maze-v0,100,100,5e-05,100000,934.6299999999999,"RNN, 2"
1044,envs:random_maze-v0,100,100,0.0005,10000,117.55000000000003,"RNN, 4"
1045,envs:random_maze-v0,100,100,0.0005,100000,90.69,"RNN, 4"
1046,envs:random_maze-v0,100,100,0.005,10000,702.07,"RNN, 4"
1047,envs:random_maze-v0,100,100,0.005,100000,409.38,"RNN, 4"
1048,envs:random_maze-v0,100,100,5e-05,10000,753.4,"RNN, 4"
1049,envs:random_maze-v0,100,100,5e-05,100000,890.45,"RNN, 4"
1050,envs:random_maze-v0,100,100,0.0005,10000,449.6,"RNN, 8"
1051,envs:random_maze-v0,100,100,0.0005,100000,329.63,"RNN, 8"
1052,envs:random_maze-v0,100,100,0.005,10000,802.55,"RNN, 8"
1053,envs:random_maze-v0,100,100,0.005,100000,469.66999999999996,"RNN, 8"
1054,envs:random_maze-v0,100,100,5e-05,10000,849.76,"RNN, 8"
1055,envs:random_maze-v0,100,100,5e-05,100000,565.77,"RNN, 8"
1056,envs:random_maze-v0,100,1000,0.0005,10000,808.41,"RNN, 1"
1057,envs:random_maze-v0,100,1000,0.0005,100000,881.0300000000001,"RNN, 1"
1058,envs:random_maze-v0,100,1000,0.005,10000,475.65,"RNN, 1"
1059,envs:random_maze-v0,100,1000,0.005,100000,393.25,"RNN, 1"
1060,envs:random_maze-v0,100,1000,5e-05,10000,979.97,"RNN, 1"
1061,envs:random_maze-v0,100,1000,5e-05,100000,961.76,"RNN, 1"
1062,envs:random_maze-v0,100,1000,0.0005,10000,329.24,"RNN, 2"
1063,envs:random_maze-v0,100,1000,0.0005,100000,637.0400000000001,"RNN, 2"
1064,envs:random_maze-v0,100,1000,0.005,10000,130.28,"RNN, 2"
1065,envs:random_maze-v0,100,1000,0.005,100000,55.69,"RNN, 2"
1066,envs:random_maze-v0,100,1000,5e-05,10000,893.6700000000001,"RNN, 2"
1067,envs:random_maze-v0,100,1000,5e-05,100000,905.6899999999999,"RNN, 2"
1068,envs:random_maze-v0,100,1000,0.0005,10000,14.89,"RNN, 4"
1069,envs:random_maze-v0,100,1000,0.0005,100000,14.949999999999998,"RNN, 4"
1070,envs:random_maze-v0,100,1000,0.005,10000,48.58000000000001,"RNN, 4"
1071,envs:random_maze-v0,100,1000,0.005,100000,197.27,"RNN, 4"
1072,envs:random_maze-v0,100,1000,5e-05,10000,814.22,"RNN, 4"
1073,envs:random_maze-v0,100,1000,5e-05,100000,619.3,"RNN, 4"
1074,envs:random_maze-v0,100,1000,0.0005,10000,15.12,"RNN, 8"
1075,envs:random_maze-v0,100,1000,0.0005,100000,38.769999999999996,"RNN, 8"
1076,envs:random_maze-v0,100,1000,0.005,10000,182.46999999999997,"RNN, 8"
1077,envs:random_maze-v0,100,1000,0.005,100000,455.9,"RNN, 8"
1078,envs:random_maze-v0,100,1000,5e-05,10000,801.75,"RNN, 8"
1079,envs:random_maze-v0,100,1000,5e-05,100000,550.69,"RNN, 8"
