{"seed": 7537, "env": "MountainCar-v0", "model_arch": "RNN", "buffer_size": 10000, "batch_size": 64, "learning_rate": 0.0005, "epsilon": 1.0, "decay": 0.99, "min_epsilon": 0.01, "hidden_layer_size": 64, "num_layers": 1, "seq_len": 10, "learning_starts": 100, "learning_freq": 100, "target_update_freq": 100, "gamma": 0.95, "tau": 0.001, "save_path": "results", "save_recording": true, "only_reward": true, "show_pbar": true, "n": 5, "cycles": 3, "num_iterations": 100000, "state_representation": "one_hot"}